,Actual,Logistic Regression,Stepwise Logistic Regression 3,Stepwise Logistic Regression,XGBOOST,Random Forest,NN,KNN-5,Lasso,LDA,SVM Linear,SVM Poly,SVM RBF,Naive Bayes
528,0.0,0.014773000587956489,0.0018088296849358885,0.01477298412841196,0.0021853652,0.0,0.0,0.0,0.023371006105926594,2.1265221518634468e-16,0.0,0.0,0.0,1.0
1408,0.0,0.011945241044414565,0.0004635695275994467,0.011945227094583441,0.00035122642,0.0,0.0,0.0,0.0009992592395071612,3.55760916658961e-18,0.0,0.0,0.0,0.0
41,0.0,0.016609103594743792,9.611326773772601e-05,0.01660908580398529,0.00073851156,0.0,0.0,0.0,0.0023585087560126557,3.3722388730298344e-17,0.0,0.0,0.0,0.9999999999990834
371,0.0,0.015336011460791341,0.0502482125265539,0.015335994313730013,0.021572769,0.0,0.0,0.0,0.033558557860520026,1.171094284769932e-15,0.0,0.0,0.0,1.0
2012,0.0,0.010335657064400273,0.00010823052256222876,0.01033564462016305,0.00037970569,0.0,0.0,0.0,-0.003712897724744592,3.0104284674666515e-18,0.0,0.0,0.0,1.0
82,0.0,0.016451617314065105,2.939849908236169e-06,0.01645159997248885,0.0003533557,0.0,0.0,0.0,-0.013346119827300133,5.79013675805055e-19,0.0,0.0,0.0,0.0
162,0.0,0.016163029810367734,0.00010823052256222876,0.016163012420848756,0.0005203179,0.0,0.0,0.0,-0.0026018151809908893,1.6855810315334046e-18,0.0,0.0,0.0,0.0
256,0.0,0.015770792154404016,0.00021796402709543857,0.015770775071326338,0.00034844957,0.0,0.0,0.0,-0.0005682630884418782,4.861613601428149e-18,0.0,0.0,0.0,0.0
2123,0.0,0.010113267578558065,0.0004635695275994467,0.010113255276512304,0.0003561409,0.0,0.0,0.0,0.0005864046432760978,7.188847420973827e-18,0.0,0.0,0.0,1.0
1683,0.0,0.011175718249147041,0.010837733602255591,0.011175704836641365,0.0023157848,0.0,0.0,0.0,0.01029487380618565,2.2589079081535393e-17,0.0,0.0,0.0,0.0
2003,0.0,0.010374231476291431,0.00037512969019109566,0.010374218993065199,0.00037970569,0.0,0.0,0.0,1.5953704580212724e-05,5.608743146890187e-18,0.0,0.0,0.0,0.0
788,0.0,0.013897252222816148,0.0004635695275994467,0.013897236599413668,0.00049886195,0.0,0.0,0.0,0.006623034340397948,2.1888556452528372e-17,0.0,0.0,0.0,0.0
558,0.0,0.01465263265259361,0.005410433918991223,0.014652616204452249,0.0015656054,0.0,0.0,0.0,0.008873068774017156,1.1467316849615731e-17,0.0,0.0,0.0,0.0
1256,0.0,0.012424913194962913,0.00018628622527707754,0.012424898908069037,0.00035122642,0.0,0.0,0.0,-0.0016313532954737725,3.666671331987397e-18,0.0,0.0,0.0,0.0
2112,0.0,0.010146571602358783,2.0032022043777103e-05,0.010146559407625096,0.00037970569,0.0,0.0,0.0,-0.008805859025396328,1.2833098887071257e-18,0.0,0.0,0.0,1.0
776,0.0,0.013929909738546142,3.725125284346136e-05,0.013929894269590454,0.0004919366,0.0,0.0,0.0,-0.0009155180327450729,1.8136832446379415e-17,0.0,0.0,0.0,0.0
1067,0.0,0.012990851735945746,0.00016073521288982614,0.012990836902981041,0.00030404,0.0,0.0,0.0,-0.0019621498955495927,4.28871032023685e-18,0.0,0.0,0.0,1.0
1173,0.0,0.012644159900868703,0.00037512969019109566,0.012644145331605827,0.000308321,0.0,0.0,0.0,0.0005068718959552621,7.422147399272603e-18,0.0,0.0,0.0,1.0
737,0.0,0.014039827133795951,0.00013986308380103203,0.014039811449826547,0.000308321,0.0,0.0,0.0,-0.002185299008035319,7.117080558906372e-18,0.0,0.0,0.0,1.0
357,0.0,0.015377025289012348,0.028554203101669288,0.015377008187034285,0.0010386617,0.0,0.0,0.0,0.014040428074910464,8.554449514385972e-17,0.0,0.0,0.0,0.0
353,0.0,0.0153887633255947,0.005410433918991223,0.015388746253804169,0.0013606728,0.0,0.0,0.0,0.0089951195079901,2.234139064101413e-17,0.0,0.0,0.0,1.0
1368,0.0,0.012083224085211283,0.025595696886728272,0.01208320978897289,0.013815822,0.01,0.0,0.0,0.03087103648482565,6.298642255541352e-16,0.0,0.0,0.0,1.0
2154,0.0,0.01004643279727894,0.00016073521288982614,0.010046420676185322,0.00073637837,0.01,0.0,0.0,0.0026478845706626886,5.244903415489577e-18,0.0,0.0,0.0,0.0
2074,0.0,0.010215744725938784,0.0005845290535440247,0.010215732348352298,0.0010766488,0.0,0.0,0.0,0.0065531062665752605,4.119177556078313e-17,0.0,0.0,0.0,0.0
202,0.0,0.015993144560521238,0.0020236151533346938,0.015993127048333878,0.001637228,0.0,0.0,0.0,0.006138675647261744,1.1727622445610872e-17,0.0,0.0,0.0,1.0
1360,0.0,0.012109021844113815,4.772232873180476e-05,0.01210900790084297,0.00037446615,0.0,0.0,0.0,-0.005770186789322651,2.4407036144024665e-18,0.0,0.0,0.0,0.0
478,0.0,0.014915474573273047,0.00030874814812706554,0.014915458068814195,0.00043093754,0.0,0.0,0.0,0.0055825645875955095,5.929112903124328e-17,0.0,0.0,0.0,1.0
2284,0.0,0.009732090307154795,4.772232873180476e-05,0.009732078501816871,0.0003561409,0.0,0.0,0.0,-0.006312016021008995,1.4146343056917601e-18,0.0,0.0,0.0,0.0
909,0.0,0.013503822863902845,3.707392839131388e-06,0.013503807913842333,0.000308321,0.0,0.0,0.0,-0.013143707776150931,8.992644187034205e-19,0.0,0.0,0.0,0.0
2330,0.0,0.009631249049112492,2.269557241845474e-05,0.009631237302257404,0.00043225757,0.02,0.0,0.0,-0.008561473004771223,7.1411586193166955e-19,0.0,0.0,0.0,1.0
1107,0.0,0.012857385223111856,0.005410433918991223,0.012857370286254185,0.0013747338,0.0,0.0,0.0,0.008548052692669849,1.4823661191768852e-17,0.0,0.0,0.0,1.0
437,0.0,0.015075731829621993,0.0013914390385961768,0.015075715207259144,0.0005945797,0.0,0.0,0.0,0.004869047714912587,1.2429787910827502e-17,0.0,0.0,0.0,0.0
219,0.0,0.01590539549632212,0.0010057450792916723,0.01590537810338841,0.0010616923,0.0,0.0,0.0,0.004030182503374504,8.252520896790277e-18,0.0,0.0,0.0,1.0
216,0.0,0.015915796383642725,0.005410433918991223,0.015915778883327826,0.0013341575,0.0,0.0,0.0,0.009079020902423114,2.2754079799181835e-17,0.0,0.0,0.0,0.0
526,0.0,0.014777029457417443,0.0002578063725511934,0.014777013110450682,0.00033272099,0.0,0.0,0.0,-0.0002279864689640511,6.319414715042653e-18,0.0,0.0,0.0,1.0
655,0.0,0.014346527069031095,0.0002578063725511934,0.014346511077950794,0.00033740574,0.0,0.0,0.0,-0.00030156989256064325,6.738280037697069e-18,0.0,0.0,0.0,1.0
2061,0.0,0.010244891405228123,7.702533294709653e-05,0.01024487905501838,0.00037970569,0.0,0.0,0.0,-0.004752443819738385,1.959923654856738e-18,0.0,0.0,0.0,0.0
2319,0.0,0.00965980385496084,0.12429379911297854,0.009659791750736859,0.01269199,0.01,0.0,0.0,0.03536324750980411,1.1247784274389605e-15,0.0,0.0,0.0,1.0
960,0.0,0.013333806199040356,0.0020236151533346938,0.013333790904289043,0.0010930909,0.0,0.0,0.0,0.00568604255820079,9.505333644148633e-18,0.0,0.0,0.0,1.0
373,0.0,0.015295105124673478,0.005410433918991223,0.015295088115187915,0.0015656054,0.0,0.0,0.0,0.008979914077283794,1.8113855225949065e-17,0.0,0.0,0.0,1.0
547,0.0,0.014696654541599453,3.199326367783769e-05,0.014696638475617906,0.00033272099,0.0,0.0,0.0,-0.0064851584203631015,1.6692364484399342e-18,0.0,0.0,0.0,0.0
1697,0.0,0.011132977996469798,1.5039352897163883e-05,0.011132964911970212,0.0002998341,0.0,0.0,0.0,-0.009433523924328628,1.116882213763778e-18,0.0,0.0,0.0,1.0
1277,0.0,0.012344342238583295,0.010837733602255591,0.012344327792761687,0.0007054416,0.0,0.0,0.0,0.010541690529614808,2.5254791625204844e-17,0.0,0.0,0.0,0.0
1278,0.0,0.012342992274335805,6.287884583953688e-05,0.012342978051908397,0.00035122642,0.0,0.0,0.0,-0.004897457505117475,2.545726514075145e-18,0.0,0.0,0.0,1.0
1153,0.0,0.01270095406272383,0.009696511881812472,0.012700939270374755,0.013365551,0.0,0.0,0.0,0.028042423992800804,4.1019577786176866e-16,0.0,0.0,0.0,1.0
1929,0.0,0.010566356515613983,9.611326773772601e-05,0.010566343907274121,0.0006906935,0.0,0.0,0.0,0.0012342572231650983,7.203607070906113e-18,0.0,0.0,0.0,0.0
758,0.0,0.013982472519536701,0.0036365075320260415,0.01398245667815862,0.008017677,0.0,0.0,0.0,0.025328938333266562,2.81801245302398e-16,0.0,0.0,0.0,1.0
116,0.0,0.01634269722451084,0.0013914390385961768,0.01634267945783323,0.0010616923,0.0,0.0,0.0,0.0050701123834486625,9.994813149267678e-18,0.0,0.0,0.0,1.0
176,0.0,0.016114687287713175,0.015030916857921173,0.016114669601518722,0.016396401,0.03,0.0,0.0,0.02996234666155291,7.900953726876469e-16,0.0,0.0,0.0,1.0
1767,0.0,0.010952229735864908,5.213875557983235e-05,0.010952216744498117,0.00043225757,0.0,0.0,0.0,-0.005754497433121808,1.2549312127268464e-18,0.0,0.0,0.0,1.0
1792,0.0,0.010899587890830426,0.00037512969019109566,0.010899574862354926,0.0003561409,0.0,0.0,0.0,0.00013841172687564796,5.3204065329748116e-18,0.0,0.0,0.0,1.0
2169,0.0,0.009996457006522824,0.00013986308380103203,0.0099964448708971,0.0003561409,0.0,0.0,0.0,-0.003028385835590364,1.9223169912122682e-18,0.0,0.0,0.0,0.0
1572,0.0,0.01151155412785663,0.005410433918991223,0.011511540479679777,0.0006670121,0.0,0.0,0.0,0.008273540363311346,1.882822022024543e-17,0.0,0.0,0.0,0.0
846,0.0,0.013706626488031936,0.0002578063725511934,0.0137066109964708,0.00046660585,0.0,0.0,0.0,-0.00041506757176129096,3.5515157947003174e-18,0.0,0.0,0.0,1.0
442,0.0,0.015051914180176831,0.0502482125265539,0.015051897282348636,0.019050596,0.01,0.0,0.0,0.03351199122898196,1.15299781469567e-15,0.0,0.0,0.0,1.0
2243,0.0,0.009817281593866257,0.00016073521288982614,0.009817269654937053,0.00037970569,0.0,0.0,0.0,-0.0026569837737181468,4.79504668755001e-18,0.0,0.0,0.0,0.0
2037,0.0,0.010291584732609705,0.0005845290535440247,0.010291572300162727,0.00055525417,0.0,0.0,0.0,0.0013237220246293067,6.412520248971671e-18,0.0,0.0,0.0,0.0
2058,0.0,0.010247698232329874,2.772460847207232e-05,0.01024768594972236,0.00037970569,0.0,0.0,0.0,-0.007808965944731986,1.0735298658035691e-18,0.0,0.0,0.0,0.0
87,0.0,0.01643729273312411,0.009696511881812472,0.016437274802915566,0.019473312,0.01,0.0,0.0,0.02868417462627145,5.525307575510414e-16,0.0,0.0,0.0,1.0
151,0.0,0.01620092451278081,0.0002578063725511934,0.016200907073728503,0.00034844957,0.0,0.0,0.0,1.1810938238578095e-06,5.055301995705105e-18,0.0,0.0,0.0,0.0
2199,0.0,0.009927121721755588,0.0010057450792916723,0.009927109560194538,0.0005919859,0.0,0.0,0.0,0.0028592285762147167,9.136519996314941e-18,0.0,0.0,0.0,1.0
383,0.0,0.015256801073363252,0.0031503077807264195,0.015256784144026488,0.0012096784,0.0,0.0,0.0,0.007348830532687313,1.390387148540584e-17,0.0,0.0,0.0,1.0
1570,0.0,0.011516594400241241,0.0028162732094904963,0.011516580738797771,0.00443143,0.0,0.0,0.0,0.024079789066366528,1.9976905044738741e-16,0.0,0.0,0.0,1.0
1223,0.0,0.012509422344546387,0.00037512969019109566,0.012509407859864001,0.00046660585,0.0,0.0,0.0,0.0004802623922192245,3.845283459357076e-18,0.0,0.0,0.0,1.0
1149,0.0,0.012716928964490096,4.034583419480353e-05,0.012716914418384996,0.0004919366,0.0,0.0,0.0,-0.0009032084990431687,6.044695679691585e-18,0.0,0.0,0.0,0.0
2117,0.0,0.010131571403626912,0.00010823052256222876,0.010131559138966332,0.0003561409,0.0,0.0,0.0,-0.0037623153745400904,2.650560495362238e-18,0.0,0.0,0.0,1.0
1332,0.0,0.012202746975036885,0.00037512969019109566,0.01220273286121984,0.00037446615,0.0,0.0,0.0,0.00041862609274901687,5.053874176299881e-18,0.0,0.0,0.0,0.0
468,0.0,0.01494152370430893,3.725125284346136e-05,0.014941507405458309,0.00033272099,0.0,0.0,0.0,-0.005988775084403054,2.518243236296261e-18,0.0,0.0,0.0,0.0
2069,0.0,0.010224704158108243,0.0002578063725511934,0.010224691811997385,0.0003561409,0.0,0.0,0.0,-0.001142484515729075,2.9730683112033154e-18,0.0,0.0,0.0,0.0
863,0.0,0.013649868698444124,0.0013914390385961768,0.013649853229185934,0.000515488,0.0,0.0,0.0,0.004621823703160938,1.6931605554660363e-17,0.0,0.0,0.0,0.0
2080,0.0,0.010199525439309189,0.00013986308380103203,0.010199513110151411,0.0003561409,0.0,0.0,0.0,-0.0029785608974723776,4.02124487026649e-18,0.0,0.0,0.0,1.0
1584,0.0,0.01147884539671907,0.0007552643525196555,0.01147883189403496,0.00044521244,0.0,0.0,0.0,0.002361624414931006,9.168315749562777e-18,0.0,0.0,0.0,0.0
24,0.0,0.01666434626017351,0.00021796402709543857,0.01666432845765972,0.0003533557,0.0,0.0,0.0,-0.0004308711609884632,5.092370607542022e-18,0.0,0.0,0.0,0.0
1698,0.0,0.011125667594354072,0.0004635695275994467,0.011125654335313163,0.0005004611,0.0,0.0,0.0,0.0008229033958688341,2.9177728771603753e-18,0.0,0.0,0.0,0.0
1743,0.0,0.011019592447657038,0.0005845290535440247,0.011019579297661314,0.00055525417,0.0,0.0,0.0,0.0014931539667852965,6.745540774042931e-18,0.0,0.0,0.0,1.0
341,0.0,0.015438327727279984,0.0005845290535440247,0.015438310803520438,0.0005945797,0.0,0.0,0.0,0.002331081808922133,6.581019689950261e-18,0.0,0.0,0.0,0.0
1117,0.0,0.012837026097865792,0.00021796402709543857,0.012837011370704816,0.00047317476,0.0,0.0,0.0,-0.0010803602725864246,3.56404447276783e-18,0.0,0.0,0.0,1.0
1563,0.0,0.011538039763525715,0.00037512969019109566,0.011538026168943243,0.0006811656,0.0,0.0,0.0,0.005527317228463662,1.1304587752291407e-17,0.0,0.0,0.0,0.0
978,0.0,0.013269145844483325,0.00030874814812706554,0.013269130736199326,0.00030404,0.0,0.0,0.0,4.391274610520898e-05,6.063022942240576e-18,0.0,0.0,0.0,1.0
1191,0.0,0.01258211367913853,0.0007552643525196555,0.012582099113574302,0.000515488,0.0,0.0,0.0,0.0025894343499772814,8.863717045352943e-18,0.0,0.0,0.0,1.0
1275,0.0,0.012360550188410483,0.0020236151533346938,0.012360535785962483,0.00071058096,0.0,0.0,0.0,0.005497739590436079,1.885208915843705e-17,0.0,0.0,0.0,1.0
810,0.0,0.013841227401916742,0.004837915891246724,0.013841211656474117,0.007609632,0.0,0.0,0.0,0.02616133349563735,2.494765950068342e-16,0.0,0.0,0.0,0.0
1968,0.0,0.010464411051971928,5.213875557983235e-05,0.010464398578245675,0.00037970569,0.0,0.0,0.0,-0.005867452061225799,1.888569635040967e-18,0.0,0.0,0.0,0.0
264,0.0,0.015748467899137683,0.009696511881812472,0.01574845050151145,0.031283654,0.02,0.0,0.0,0.033825177302237,1.6149100018039476e-15,0.0,0.0,0.0,1.0
1771,0.0,0.0109474336765248,7.702533294709653e-05,0.010947420740875383,0.0003561409,0.0,0.0,0.0,-0.004588035100226444,1.7658000505299174e-18,0.0,0.0,0.0,0.0
239,0.0,0.015827602454050356,0.0010057450792916723,0.01582758517942235,0.0006226793,0.0,0.0,0.0,0.0040179638536997925,8.851969559198718e-18,0.0,0.0,0.0,0.0
2122,0.0,0.010117702001099984,0.00668338020463708,0.01011768958165926,0.0036883522,0.0,0.0,0.0,0.026355868580995683,2.624097065928226e-16,0.0,0.0,0.0,1.0
2081,0.0,0.010198407873241715,0.0005845290535440247,0.01019839548738939,0.0010766488,0.0,0.0,0.0,0.0065488976205761934,9.945561497302327e-18,0.0,0.0,0.0,0.0
1870,0.0,0.010699711359551558,0.0036365075320260415,0.010699698432988016,0.0036145651,0.0,0.0,0.0,0.02466451531651062,2.297926772040116e-16,0.0,0.0,0.0,1.0
2136,0.0,0.010088913153330069,1.5884838687994103e-05,0.010088901009939517,0.00043225757,0.0,0.0,0.0,-0.009513987410304391,2.4523455278163735e-19,0.0,0.0,0.0,0.0
1473,0.0,0.011755319940202496,0.0010057450792916723,0.011755306070487406,0.0006322899,0.0,0.0,0.0,0.003278328260057299,5.8213869994061455e-18,0.0,0.0,0.0,1.0
1872,0.0,0.010697953572835033,0.0005845290535440247,0.010697940708162674,0.00055525417,0.0,0.0,0.0,0.0014197063059628676,6.48018563890463e-18,0.0,0.0,0.0,1.0
1451,0.0,0.011822388072151043,0.00013986308380103203,0.011822374274863061,0.00037446615,0.0,0.0,0.0,-0.0026124086955535437,4.223576923603394e-18,0.0,0.0,0.0,1.0
2182,0.0,0.009969102725076485,0.0013914390385961768,0.009969090483802286,0.00081216847,0.0,0.0,0.0,0.0038420023283660606,5.652102069925841e-18,0.0,0.0,0.0,1.0
290,0.0,0.01566716106418623,0.0012436687989256033,0.01566714389802805,0.0022884726,0.02,0.0,0.0,0.022394897291318824,1.8917848904541988e-16,0.0,0.0,0.0,1.0
865,0.0,0.013639438847980728,0.025595696886728272,0.013639423181350684,0.024459848,0.0,0.0,0.0,0.031172022555146027,7.243029732421235e-16,0.0,0.0,0.0,1.0
667,0.0,0.014289496662804265,0.00010823052256222876,0.014289480837265322,0.00033272099,0.0,0.0,0.0,-0.002908639050600296,2.725889401187151e-18,0.0,0.0,0.0,0.0
175,0.0,0.01611556528249323,0.43404582218822463,0.016115547319834132,0.55279255,0.53,1.0,0.2,0.04168173937282933,4.660241834291874e-15,0.0,0.0,0.0,1.0
119,0.0,0.01633380085540087,0.0036365075320260415,0.016333783056190133,0.024780955,0.11,0.0,0.2,0.030963710218864585,2.8815056266580805e-15,0.0,0.0,0.0,1.0
1576,0.0,0.011501480149853974,0.0031503077807264195,0.01150146650449715,0.0005312911,0.0,0.0,0.0,0.006646529701939768,1.6182187792965674e-17,0.0,0.0,0.0,0.0
995,0.0,0.0132127320341233,0.005410433918991223,0.013212716730958486,0.0018380563,0.0,0.0,0.0,0.01386351053343543,7.087010840999264e-18,0.0,0.0,0.0,1.0
427,0.0,0.015121005781715234,0.00037512969019109566,0.015120989168608523,0.00033272099,0.0,0.0,0.0,0.0009517665068888986,5.581829920316266e-18,0.0,0.0,0.0,0.0
2143,0.0,0.010071237440200125,6.287884583953688e-05,0.010071225298465372,0.0003561409,0.0,0.0,0.0,-0.0054019519739088705,1.4575137542441127e-18,0.0,0.0,0.0,0.0
2211,0.0,0.009898869898763577,0.00013986308380103203,0.009898857852059522,0.00073637837,0.0,0.0,0.0,0.0021950248442923984,6.414272992767393e-18,0.0,0.0,0.0,0.0
2310,0.0,0.009679417067020496,0.00037512969019109566,0.009679405172554709,0.0003561409,0.0,0.0,0.0,-0.0001557862047365556,4.6413023204059954e-18,0.0,0.0,0.0,1.0
2073,0.0,0.010216864110100931,4.034583419480353e-05,0.010216851845523206,0.0003561409,0.0,0.0,0.0,-0.006693971812155001,1.1835439919931687e-18,0.0,0.0,0.0,0.0
2267,0.0,0.009767363704049183,0.0013914390385961768,0.009767351662068668,0.0017253007,0.01,0.0,0.0,0.009039075030061114,8.330554013037084e-18,0.0,0.0,0.0,0.0
951,0.0,0.013368077689673647,0.00018628622527707754,0.0133680625712997,0.000308321,0.0,0.0,0.0,-0.00144956694086891,2.8684760981398544e-18,0.0,0.0,0.0,0.0
1021,0.0,0.01312210092012861,0.0022345202458865614,0.013122085843510356,0.001870564,0.0,0.0,0.0,0.023709845751899626,2.0586447922407682e-16,0.0,0.0,0.0,1.0
1833,0.0,0.010785599829962111,0.0007552643525196555,0.010785586872715979,0.00055525417,0.0,0.0,0.0,0.002207126377932994,7.422488606569092e-18,0.0,0.0,0.0,1.0
235,0.0,0.01584313076611322,6.287884583953688e-05,0.015843113728947745,0.0003533557,0.0,0.0,0.0,-0.004276478576093838,3.0902516698690647e-18,0.0,0.0,0.0,0.0
492,0.0,0.01487405077963217,0.0004635695275994467,0.014874034319283084,0.0004968352,0.0,0.0,0.0,0.0015443467777734275,3.849053242072459e-18,0.0,0.0,0.0,0.0
1871,0.0,0.010699125237530745,0.00010823052256222876,0.010699112477962507,0.00037970569,0.0,0.0,0.0,-0.003627231414247452,5.079540514228268e-18,0.0,0.0,0.0,1.0
178,0.0,0.016110299056380575,1.679896614831091e-05,0.016110281811478777,0.00034844957,0.0,0.0,0.0,-0.008183779147287852,1.8066923415953774e-18,0.0,0.0,0.0,1.0
1667,0.0,0.011212481671285687,0.0502482125265539,0.01121246813300616,0.14296933,0.2,0.0,0.2,0.03278022987624095,8.160092373856812e-16,0.0,0.0,0.0,1.0
2334,0.0,0.009622804538854824,3.448128209442852e-05,0.009622792798383668,0.0003561409,0.0,0.0,0.0,-0.007312303171027422,1.4216029722714784e-18,0.0,0.0,0.0,1.0
500,0.0,0.014852166534882099,0.0010057450792916723,0.01485215000163585,0.0010138013,0.0,0.0,0.0,0.003859528696251042,7.624053311011482e-18,0.0,0.0,0.0,1.0
903,0.0,0.01353778656706659,3.199326367783769e-05,0.013537771353483339,0.00047317476,0.0,0.0,0.0,-0.0066894813954791,1.3895289051763006e-18,0.0,0.0,0.0,1.0
2278,0.0,0.009745436627393,0.0004635695275994467,0.009745424687590943,0.00037970569,0.0,0.0,0.0,0.0004946290079416056,1.092199173820222e-17,0.0,0.0,0.0,1.0
617,0.0,0.014468363426587508,0.00021796402709543857,0.01446834740248375,0.00033740574,0.0,0.0,0.0,-0.0007829040343942974,5.090314435017726e-18,0.0,0.0,0.0,0.0
71,0.0,0.01647492246795067,0.0005845290535440247,0.01647490469977621,0.0005933905,0.0,0.0,0.0,0.002493046798499132,1.1838107742522e-17,0.0,0.0,0.0,1.0
273,0.0,0.01572103379243194,0.00012261991578991596,0.01572101672122469,0.00051309477,0.0,0.0,0.0,-0.002297422014185542,1.919220426960198e-18,0.0,0.0,0.0,0.0
422,0.0,0.015151538476282426,0.025595696886728272,0.015151521528910491,0.027179984,0.0,0.0,0.0,0.031433637420959004,8.178187695928773e-16,0.0,0.0,0.0,1.0
2327,0.0,0.009642343799012118,0.0028162732094904963,0.009642331868735955,0.0036883522,0.02,0.0,0.0,0.02363951038975445,1.6186479818796698e-16,0.0,0.0,0.0,1.0
2200,0.0,0.009925489495848637,2.130518964476543e-05,0.009925477472925806,0.00046085645,0.0,0.0,0.0,-0.008676081921426644,6.453802295717815e-19,0.0,0.0,0.0,0.0
95,0.0,0.01641403972165267,3.596979237131982e-06,0.016414022397674716,0.0003533557,0.0,0.0,0.0,-0.01274826842716535,5.071328413830159e-19,0.0,0.0,0.0,0.0
1610,0.0,0.011398722881762134,0.0010057450792916723,0.011398709333186064,0.0006322899,0.0,0.0,0.0,0.0032018938182032733,5.618477892011571e-18,0.0,0.0,0.0,1.0
247,0.0,0.01579659005208958,0.00018628622527707754,0.015796572927544376,0.00034844957,0.0,0.0,0.0,-0.0010341328519287412,3.1337641827948852e-18,0.0,0.0,0.0,0.0
729,0.0,0.014092029142868143,1.6290065928977858e-05,0.014092013536052429,0.0003190618,0.0,0.0,0.0,-0.008517076757859133,1.0578495769436351e-18,0.0,0.0,0.0,0.0
770,0.0,0.013941319968771682,0.0005845290535440247,0.013941304296092891,0.0005177793,0.0,0.0,0.0,0.002077205421236473,5.526731768195213e-18,0.0,0.0,0.0,0.0
1290,0.0,0.01230996958567295,8.582537407838949e-05,0.012309955422611828,0.00037446615,0.0,0.0,0.0,-0.003973280480461588,1.8369041872797268e-18,0.0,0.0,0.0,0.0
2159,0.0,0.010024984600075653,0.005410433918991223,0.010024972281687097,0.0014982248,0.0,0.0,0.0,0.013178451575006644,3.9867634400309334e-17,0.0,0.0,0.0,0.0
1597,0.0,0.01144998724433101,8.459930267903564e-06,0.011449973950378221,0.00035122642,0.0,0.0,0.0,-0.01108516230602496,5.543319246487151e-19,0.0,0.0,0.0,0.0
540,0.0,0.014728752714970032,9.611326773772601e-05,0.014728736522896732,0.00033740574,0.0,0.0,0.0,-0.003188560377475778,3.2537229677085753e-18,0.0,0.0,0.0,0.0
1682,0.0,0.011176329902962863,0.0020236151533346938,0.01117631657211777,0.002401804,0.0,0.0,0.0,0.0052478003232011615,9.836756142069037e-18,0.0,0.0,0.0,0.0
1639,0.0,0.011328449053547558,0.0002578063725511934,0.011328435699437133,0.0006811656,0.0,0.0,0.0,0.004359375613962933,1.2008096950000253e-17,0.0,0.0,0.0,0.0
1613,0.0,0.01139311008730886,0.0018088296849358885,0.011393096559564489,0.0015273615,0.0,0.0,0.0,0.02272545411477937,1.5854843640740148e-16,0.0,0.0,0.0,1.0
1879,0.0,0.010682732039330626,0.0020236151533346938,0.010682719112925924,0.00100848,0.0,0.0,0.0,0.005135796034516312,7.362878930980853e-18,0.0,0.0,0.0,1.0
2042,0.0,0.010283130754666648,0.005410433918991223,0.010283118211301522,0.0009894661,0.0,0.0,0.0,0.007993733285760467,8.991429235006153e-18,0.0,0.0,0.0,0.0
2033,0.0,0.010296660573916198,0.0010516279125439602,0.010296648069152543,0.0013222868,0.0,0.0,0.0,0.020849726051140344,1.073306363298733e-16,0.0,0.0,0.0,1.0
1351,0.0,0.012143503969897428,2.3195300050173797e-06,0.012143490075507251,0.0004315303,0.0,0.0,0.0,-0.01481054203310178,3.0300358526004953e-19,0.0,0.0,0.0,1.0
1498,0.0,0.0117059059812835,0.0013914390385961768,0.011705892142847332,0.0008617284,0.0,0.0,0.0,0.00948790676144549,9.420154451708801e-17,0.0,0.0,0.0,1.0
713,0.0,0.014142107384380957,0.0007552643525196555,0.014142091457103248,0.0009661332,0.0,0.0,0.0,0.0028799666866870712,6.858333655952845e-18,0.0,0.0,0.0,0.0
698,0.0,0.014176105546237973,0.00012261991578991596,0.014176089828671645,0.00033272099,0.0,0.0,0.0,-0.002554963996773612,3.928691602479465e-18,0.0,0.0,0.0,0.0
1787,0.0,0.010910932596322165,0.0014891239084129284,0.010910919507716818,0.0011550846,0.0,0.0,0.0,0.02203536384375386,1.3621419227844578e-16,0.0,0.0,0.0,1.0
1585,0.0,0.011473193585801603,0.00018628622527707754,0.01147318012369901,0.0006811656,0.0,0.0,0.0,0.0034185525590280947,1.3054648774638633e-17,0.0,0.0,0.0,0.0
1211,0.0,0.01254091636836323,4.034583419480353e-05,0.012540902035814833,0.00030404,0.0,0.0,0.0,-0.00618554022291287,1.1654581992963906e-18,0.0,0.0,0.0,0.0
1155,0.0,0.012694708270418218,0.0031503077807264195,0.012694693506525122,0.0010930909,0.0,0.0,0.0,0.006891581509304801,1.1177354778230084e-17,0.0,0.0,0.0,1.0
1301,1.0,0.012283077665835914,0.6462810922053526,0.01228306293246757,0.76571226,0.77,1.0,0.8,0.7595220218322095,1.0,0.0,0.0,0.0,1.0
1271,0.0,0.012372719765287674,5.715449274064333e-05,0.012372705553325257,0.00072622066,0.0,0.0,0.0,7.063936587536034e-05,2.4817926857592554e-17,0.0,0.0,0.0,0.0
148,0.0,0.016212398645561423,0.025595696886728272,0.01621238082695431,0.03901936,0.35,1.0,0.2,0.03160225478647001,8.843970237200503e-16,0.0,0.0,0.0,1.0
1214,0.0,0.012534063657783576,0.12429379911297854,0.012534048866659611,0.033715777,0.02,0.0,0.0,0.03600920678927382,1.5088880806435246e-15,0.0,0.0,0.0,1.0
814,0.0,0.0138200866728735,0.0005224074850227753,0.013820071124389837,0.0018722456,0.0,0.0,0.0,0.01948548443521716,3.601739632103499e-17,0.0,0.0,0.0,0.0
1852,0.0,0.010742570596556589,0.0005845290535440247,0.01074255773957913,0.0005919859,0.0,0.0,0.0,0.0014300242767992903,6.779435271432442e-18,0.0,0.0,0.0,0.0
1842,0.0,0.01076376906067407,8.83232915844825e-06,0.010763756307811153,0.00091864343,0.0,0.0,0.0,-0.005861845308623033,9.381341359446637e-19,0.0,0.0,0.0,0.0
1424,0.0,0.011893737163055982,0.0004635695275994467,0.011893723250888824,0.00035122642,0.0,0.0,0.0,0.0009885339803482485,8.716554446119127e-18,0.0,0.0,0.0,1.0
1940,0.0,0.010544387680345808,0.010837733602255591,0.01054437485842164,0.0014982248,0.0,0.0,0.0,0.015398405956482081,6.13771819375753e-17,0.0,0.0,0.0,0.0
648,0.0,0.014364541904391084,0.00010823052256222876,0.014364525927719321,0.0004899379,0.0,0.0,0.0,-0.0028956058242806046,2.4589341114429082e-18,0.0,0.0,0.0,1.0
662,0.0,0.014321500368556296,0.27450856407505014,0.014321484005720902,0.17139605,0.23,0.0,0.6,0.7374264406867774,1.0,0.0,0.0,0.0,0.0
2152,0.0,0.010047534117628954,0.0007552643525196555,0.010047521835661238,0.0005919859,0.0,0.0,0.0,0.002031449348165487,5.4046604875323156e-18,0.0,0.0,0.0,0.0
1114,0.0,0.012841235490446447,2.269557241845474e-05,0.012841220926984928,0.00030404,0.0,0.0,0.0,-0.007848039626542276,8.741497564996324e-19,0.0,0.0,0.0,0.0
266,0.0,0.015743320107565982,4.772232873180476e-05,0.015743303053885882,0.00051309477,0.0,0.0,0.0,-0.005117439371144767,1.8149001188089025e-18,0.0,0.0,0.0,1.0
2263,0.0,0.009771647711898677,0.00016073521288982614,0.009771635775914968,0.0003561409,0.04,0.0,0.0,-0.0026685236095220412,4.099531471372133e-18,0.0,0.0,0.0,1.0
1078,0.0,0.012962491282173413,0.0004635695275994467,0.012962476413740681,0.00030404,0.0,0.0,0.0,0.0012022245868815243,7.211037576637218e-18,0.0,0.0,0.0,1.0
2001,0.0,0.01037650499579171,0.00016073521288982614,0.01037649250601731,0.0003561409,0.0,0.0,0.0,-0.002519727609038895,2.2025113999160778e-18,0.0,0.0,0.0,0.0
2044,0.0,0.010281440605595844,0.0002578063725511934,0.010281428202024046,0.00037970569,0.0,0.0,0.0,-0.001128772475538567,4.29110995372538e-18,0.0,0.0,0.0,0.0
497,0.0,0.014857836939834126,9.611326773772601e-05,0.014857820643758131,0.00033740574,0.0,0.0,0.0,-0.003166838333609626,3.53371618039944e-18,0.0,0.0,0.0,0.0
738,0.0,0.014036762668826497,0.010837733602255591,0.014036746709459858,0.0009951665,0.0,0.0,0.0,0.01610871679090527,1.7395956171442206e-16,0.0,0.0,0.0,0.0
593,0.0,0.01454988925770878,0.009696511881812472,0.014549872888635818,0.013271557,0.14,0.0,0.0,0.028380337537693638,4.827608347360957e-16,0.0,0.0,0.0,1.0
652,0.0,0.014352790412576847,3.725125284346136e-05,0.014352774571220066,0.00033272099,0.0,0.0,0.0,-0.006088832248961519,1.2765643879151158e-18,0.0,0.0,0.0,0.0
838,0.0,0.01373359257300506,8.459930267903564e-06,0.013733577388246017,0.0004919366,0.0,0.0,0.0,-0.005385767339925128,1.3152686517484968e-17,0.0,0.0,0.0,0.0
1291,0.0,0.012306604827004734,3.725125284346136e-05,0.012306590676213355,0.00035122642,0.0,0.0,0.0,-0.006471140221005802,2.60062534200267e-18,0.0,0.0,0.0,1.0
1552,0.0,0.011563952700645483,2.2071287555342383e-06,0.011563939321052617,0.0004315303,0.0,0.0,0.0,-0.01508052286121291,2.811730034469081e-19,0.0,0.0,0.0,1.0
1701,0.0,0.011115927301476588,1.2853229397142506e-05,0.011115914239809514,0.0002998341,0.0,0.0,0.0,-0.00990726792871697,1.0318622069868517e-18,0.0,0.0,0.0,1.0
17,0.0,0.01669612424282701,3.199326367783769e-05,0.016696106559840267,0.0003533557,0.0,0.0,0.0,-0.006167337766046456,3.027065503410882e-18,0.0,0.0,0.0,0.0
2148,0.0,0.010061859675413506,6.94465941992361e-05,0.010061847546397553,0.00037970569,0.0,0.0,0.0,-0.005107011169161639,2.2748390669658166e-18,0.0,0.0,0.0,0.0
2139,0.0,0.010081728874305813,0.0031503077807264195,0.010081716568115224,0.00073511555,0.0,0.0,0.0,0.006319884467302498,1.6009461193878536e-17,0.0,0.0,0.0,0.0
1009,0.0,0.013160867472077637,0.010837733602255591,0.01316085229823911,0.0006106959,0.0,0.0,0.0,0.010700804500934377,3.761354333222016e-17,0.0,0.0,0.0,0.0
1076,0.0,0.012973828191357424,0.0012436687989256033,0.012973813276227547,0.001870564,0.0,0.0,0.0,0.021925565381035766,1.5214684915456635e-16,0.0,0.0,0.0,1.0
1054,0.0,0.013020696556168294,0.028554203101669288,0.013020681359280922,0.0038666679,0.0,0.0,0.0,0.01887433535571828,9.614984910767451e-17,0.0,0.0,0.0,1.0
230,0.0,0.015863859122810048,0.0005845290535440247,0.015863841841230276,0.0005933905,0.0,0.0,0.0,0.0023988274332296944,1.1331551460017861e-17,0.0,0.0,0.0,1.0
250,0.0,0.015788846152660473,2.5887453408322682e-05,0.01578882919782343,0.00034844957,0.0,0.0,0.0,-0.006940211001020052,1.5805700736885157e-18,0.0,0.0,0.0,0.0
2131,0.0,0.010098869390818504,0.00016073521288982614,0.010098857102656818,0.0006906935,0.0,0.0,0.0,0.002660782034208215,2.8752615086237095e-18,0.0,0.0,0.0,1.0
160,0.0,0.01616567127700955,0.0502482125265539,0.016165653447217185,0.031047639,0.15,0.0,0.2,0.033689840463136084,1.2446752390169375e-15,0.0,0.0,0.0,1.0
324,0.0,0.015482985642159736,0.00010823052256222876,0.015482968848171406,0.00033272099,0.0,0.0,0.0,-0.0027089320098058547,3.6170103151160906e-18,0.0,0.0,0.0,0.0
1283,0.0,0.012324111578433038,0.00030874814812706554,0.012324097291181934,0.00035122642,0.0,0.0,0.0,-0.00013963852456378226,4.3564621026410204e-18,0.0,0.0,0.0,0.0
1654,0.0,0.011284514155273226,0.0008988985049343534,0.01128450075097431,0.0040455274,0.01,0.0,0.0,0.020606914525604036,1.1037985756388496e-16,0.0,0.0,0.0,1.0
1037,0.0,0.013077015633225433,0.0007552643525196555,0.01307700069665508,0.00083395076,0.0,0.0,0.0,0.0079329950849947,9.121490473158892e-17,0.0,0.0,0.0,0.0
1288,1.0,0.012315355729790988,0.6462810922053526,0.012315340966907567,0.8344907,0.78,1.0,0.8,0.7595285384453693,1.0,0.0,0.0,0.0,1.0
1367,0.0,0.012083884596205139,0.00016073521288982614,0.012083870573211183,0.00037446615,0.0,0.0,0.0,-0.002141899808542005,6.154629262834229e-18,0.0,0.0,0.0,1.0
1400,0.0,0.011977296979298016,4.3815872107464214e-05,0.01197728315039364,0.00037446615,0.0,0.0,0.0,-0.006052859728230537,2.2169498792567915e-18,0.0,0.0,0.0,0.0
2024,0.0,0.010313597678730618,0.00021796402709543857,0.01031358517123304,0.00091864343,0.0,0.0,0.0,0.0036243008472177807,6.518350027988809e-18,0.0,0.0,0.0,1.0
1028,0.0,0.013096319153305867,0.0007552643525196555,0.013096304155489966,0.00083395076,0.0,0.0,0.0,0.007936660679897112,2.770550936333263e-17,0.0,0.0,0.0,0.0
610,0.0,0.014491271903037953,0.009696511881812472,0.014491255571231569,0.015040361,0.0,0.0,0.0,0.028370291092405547,4.776208077609805e-16,0.0,0.0,0.0,1.0
531,0.0,0.014749653602940742,0.00021796402709543857,0.01474963727994698,0.0004899379,0.0,0.0,0.0,-0.0007349797751145994,2.3672529420916626e-18,0.0,0.0,0.0,0.0
1328,0.0,0.01221676739684427,0.0028162732094904963,0.012216753082580691,0.0042661373,0.0,0.0,0.0,0.024226277099688893,1.5629792669267657e-16,0.0,0.0,0.0,0.0
1818,0.0,0.010822278966986567,0.00030874814812706554,0.010822266000388513,0.0006906935,0.0,0.0,0.0,0.004785637103256036,1.3344076978996044e-17,0.0,0.0,0.0,1.0
170,0.0,0.01614103811390871,0.00030874814812706554,0.01614102073887326,0.00034844957,0.0,0.0,0.0,0.000531572630900333,6.4015518647548655e-18,0.0,0.0,0.0,0.0
363,0.0,0.015361108676313625,8.582537407838949e-05,0.01536109200183894,0.00033740574,0.0,0.0,0.0,-0.0034226266684546213,3.3510831422326485e-18,0.0,0.0,0.0,0.0
459,0.0,0.0149708831029846,0.0005845290535440247,0.014970866519382345,0.0010138013,0.0,0.0,0.0,0.0022545116042939437,5.923321431551509e-18,0.0,0.0,0.0,1.0
1394,0.0,0.01199368521565178,0.009696511881812472,0.011993671047776764,0.007916888,0.0,0.0,0.0,0.027900144605477503,3.938374596468207e-16,0.0,0.0,0.0,0.0
543,0.0,0.014716708190502019,0.00668338020463708,0.014716691705804306,0.008587284,0.04,0.0,0.0,0.02728625087233783,4.0658530565526157e-16,0.0,0.0,0.0,1.0
1709,0.0,0.011101333046746664,0.00012261991578991596,0.01110131993703336,0.0003196744,0.0,0.0,0.0,-0.0031622308856067375,2.499980178093397e-18,0.0,0.0,0.0,0.0
2227,0.0,0.009862585926411788,6.883565286976322e-05,0.009862573946386656,0.0013222868,0.0,0.0,0.0,0.01258333787283902,2.6636369044111748e-17,0.0,0.0,0.0,1.0
1339,0.0,0.012188076298444074,0.0008988985049343534,0.012188062087233791,0.0014014276,0.0,0.0,0.0,0.020798068511626182,1.206210213053886e-16,0.0,0.0,0.0,1.0
1705,0.0,0.011110452048237022,4.292769239225212e-07,0.011110439137668193,0.0005004611,0.0,0.0,0.0,-0.020078365786876037,1.1909729592631587e-19,0.0,0.0,0.0,1.0
2029,0.0,0.01030569005524422,2.97512110211764e-05,0.010305677742193575,0.0003561409,0.0,0.0,0.0,-0.007583907201567977,1.1221431073070905e-18,0.0,0.0,0.0,0.0
1363,0.0,0.012095124107764687,0.028554203101669288,0.012095109866986684,0.000733998,0.0,0.0,0.0,0.01344347915691376,6.105260697640198e-17,0.0,0.0,0.0,0.0
792,0.0,0.01388966797747981,4.20035406917609e-06,0.013889652591797879,0.00046660585,0.0,0.0,0.0,-0.012700157765828042,4.769362559031755e-19,0.0,0.0,0.0,1.0
2328,0.0,0.009636002421983574,0.0005845290535440247,0.009635990569499491,0.0011478328,0.0,0.0,0.0,0.006408383149317018,1.5947992082821924e-17,0.0,0.0,0.0,0.0
855,0.0,0.013673738214318524,3.725125284346136e-05,0.013673722913477421,0.00030404,0.0,0.0,0.0,-0.006209389592418664,1.3528858528244286e-18,0.0,0.0,0.0,0.0
1043,0.0,0.013058453951709587,0.0502482125265539,0.013058438750388318,0.019402603,0.0,0.0,0.0,0.03315860072783449,9.726750303115578e-16,0.0,0.0,0.0,1.0
663,0.0,0.01429885638817128,0.0010057450792916723,0.014298840324637506,0.00077003444,0.0,0.0,0.0,0.009012750021891301,7.90976018759311e-17,0.0,0.0,0.0,0.0
205,0.0,0.01598095263657824,8.582537407838949e-05,0.015980935426211894,0.0003533557,0.0,0.0,0.0,-0.003324062894411955,3.594682876053332e-18,0.0,0.0,0.0,0.0
1011,0.0,0.01315799195453591,0.0020236151533346938,0.013157976833499967,0.00061514555,0.0,0.0,0.0,0.00565305220407907,1.5179045168426475e-17,0.0,0.0,0.0,1.0
1468,0.0,0.011768832076293966,0.00016073521288982614,0.01176881831785906,0.00035122642,0.0,0.0,0.0,-0.002207473228462953,3.850326817574375e-18,0.0,0.0,0.0,1.0
223,0.0,0.015885479333138212,0.0014891239084129284,0.01588546197849831,0.0022884726,0.0,0.0,0.0,0.02296900444167593,2.1010062686294945e-16,0.0,0.0,0.0,1.0
780,0.0,0.01391698978173669,0.0010516279125439602,0.013916974082580651,0.0017546838,0.0,0.0,0.0,0.02159764317400681,1.5279664664937873e-16,0.0,0.0,0.0,1.0
1875,0.0,0.010695024747130091,0.0013914390385961768,0.01069501181808231,0.0010766488,0.0,0.0,0.0,0.009263898184075792,2.7493072594803808e-17,0.0,0.0,0.0,1.0
761,0.0,0.013975605474850716,0.0020236151533346938,0.01397558964303789,0.0011521099,0.0,0.0,0.0,0.005802934306755523,1.009611361137522e-17,0.0,0.0,0.0,1.0
1395,0.0,0.011991717236974694,0.00016073521288982614,0.011991703310944514,0.00037446615,0.0,0.0,0.0,-0.0021609065969248886,1.0180426490721201e-17,0.0,0.0,0.0,0.9999999999998899
86,0.0,0.016438187686315137,0.009696511881812472,0.01643816976889157,0.017192276,0.03,0.0,0.0,0.028684310389045613,5.559137754836092e-16,0.0,0.0,0.0,1.0
1895,0.0,0.0106371955369677,0.0007552643525196555,0.010637182725889396,0.0005919859,0.0,0.0,0.0,0.0021727783960696426,8.108761014376146e-18,0.0,0.0,0.0,1.0
1121,0.0,0.012829312248245007,0.0020236151533346938,0.012829297372315935,0.001392935,0.0,0.0,0.0,0.01083790625609941,3.263133819383793e-17,0.0,0.0,0.0,1.0
1109,0.0,0.012853872689484732,0.0010057450792916723,0.012853857850109235,0.0009160741,0.0,0.0,0.0,0.0035001646330403806,6.45274726918023e-18,0.0,0.0,0.0,1.0
1312,0.0,0.012256242575534766,0.0007552643525196555,0.012256228352848366,0.0004443683,0.0,0.0,0.0,0.0025242682183788216,8.832080805240804e-18,0.0,0.0,0.0,0.0
1046,0.0,0.01304490562132828,0.0010057450792916723,0.013044890651105657,0.0004912386,0.0,0.0,0.0,0.003536820582064514,1.380626904845791e-17,0.0,0.0,0.0,1.0
1696,0.0,0.011134806553984584,0.0002578063725511934,0.011134793317413141,0.00053357,0.0,0.0,0.0,-0.0009311018763565777,2.8822046719856866e-18,0.0,0.0,0.0,0.0
2258,0.0,0.009784511235286394,8.582537407838949e-05,0.009784499313294845,0.00037970569,0.0,0.0,0.0,-0.0045426695553031134,2.5212276235175885e-18,0.0,0.0,0.0,1.0
1206,0.0,0.012548459167935346,1.5039352897163883e-05,0.012548444845821592,0.00030404,0.0,0.0,0.0,-0.00913647497445899,1.2819971168984702e-18,0.0,0.0,0.0,1.0
244,0.0,0.01580778210781205,0.0003352548401206293,0.01580776489675423,0.0058574276,0.25,0.0,0.2,0.023740126442136977,8.555363879372751e-16,0.0,0.0,0.0,1.0
1750,0.0,0.011000906605627884,0.0028162732094904963,0.011000893413910362,0.0036145651,0.01,0.0,0.0,0.02396615562439172,2.0908700791196644e-16,0.0,0.0,0.0,1.0
449,0.0,0.01501912218598407,0.00013986308380103203,0.01501910568517214,0.00043093754,0.0,0.0,0.0,0.0032302159972887306,2.1929112212947016e-17,0.0,0.0,0.0,0.0
968,0.0,0.013297441811273195,0.0002578063725511934,0.0132974267848789,0.000308321,0.0,0.0,0.0,-0.0004904159114220083,4.780286484674179e-18,0.0,0.0,0.0,0.0
429,0.0,0.01511770833601394,8.83232915844825e-06,0.01511769198070951,0.00033740574,0.0,0.0,0.0,-0.010265656120881027,9.669418683085602e-19,0.0,0.0,0.0,0.0
548,0.0,0.014695853137288911,6.287884583953688e-05,0.014695836923749908,0.0004968352,0.0,0.0,0.0,-0.004463695441665241,2.1313356378894823e-18,0.0,0.0,0.0,1.0
578,0.0,0.014595199528440362,0.0005845290535440247,0.014595183266932814,0.0005945797,0.0,0.0,0.0,0.0021912461515337742,9.27077131440368e-18,0.0,0.0,0.0,1.0
2063,0.0,0.010239279915280211,0.0002578063725511934,0.010239267537244133,0.0003561409,0.0,0.0,0.0,-0.0011389546836008246,2.230967296225103e-18,0.0,0.0,0.0,0.0
85,0.0,0.016443557950011116,2.269557241845474e-05,0.01644354052858221,0.0003533557,0.0,0.0,0.0,-0.007232626971259341,3.276158861586166e-18,0.0,0.0,0.0,0.0
1377,0.0,0.012050887843563058,0.0013914390385961768,0.012050873663136494,0.0013434534,0.0,0.0,0.0,0.009559996794526284,1.9452885798999797e-17,0.0,0.0,0.0,1.0
1034,1.0,0.013086307003388134,0.6462810922053526,0.013086291501867658,0.9184797,0.87,1.0,1.0,0.764927083103923,1.0,0.0,0.0,0.0,1.0
2272,0.0,0.0097561268380975,0.028554203101669288,0.009756114693083458,0.0023778477,0.0,0.0,0.0,0.012910610268322202,1.3430455129412494e-17,0.0,0.0,0.0,0.0
1883,0.0,0.010669868706634606,6.94465941992361e-05,0.010669856007878216,0.00037970569,0.0,0.0,0.0,-0.004961609238032584,2.5222943355629042e-18,0.0,0.0,0.0,0.0
395,0.0,0.015220250760460219,0.00030874814812706554,0.015220233935825318,0.00069540075,0.0,0.0,0.0,0.005632932576810151,8.626611707859548e-18,0.0,0.0,0.0,0.0
1106,0.0,0.012867927618329682,1.8267902554576461e-06,0.012867913196943706,0.000308321,0.0,0.0,0.0,-0.015381086877940974,2.9291358137256893e-19,0.0,0.0,0.0,0.0
811,0.0,0.013832163341391765,0.015030916857921173,0.013832147541522255,0.013365551,0.0,0.0,0.0,0.02958207513112108,5.632663481796684e-16,0.0,0.0,0.0,1.0
1874,0.0,0.010695610290150948,0.00016073521288982614,0.010695597518031546,0.0003561409,0.0,0.0,0.0,-0.002444650794926506,1.6486418356522569e-18,0.0,0.0,0.0,0.0
1075,0.0,0.012977372800112009,4.034583419480353e-05,0.012977358035230606,0.00046660585,0.0,0.0,0.0,-0.006100552726286545,1.336611960010709e-18,0.0,0.0,0.0,1.0
874,1.0,0.013619346201578942,0.6462810922053526,0.013619330266647581,0.9202155,0.99,1.0,1.0,0.7597786134753785,1.0,0.0,0.0,0.0,1.0
488,0.0,0.014887846313846279,0.009696511881812472,0.014887829650264715,0.01445548,0.0,0.0,0.0,0.028437493665616452,4.92753885003704e-16,0.0,0.0,0.0,1.0
165,0.0,0.016158629325121555,0.0010057450792916723,0.016158611747655503,0.0006226793,0.0,0.0,0.0,0.004069553707881906,1.0599178794345648e-17,0.0,0.0,0.0,0.0
1443,0.0,0.011839861866687729,0.0007552643525196555,0.011839847955791174,0.0004443683,0.0,0.0,0.0,0.00243846614510752,8.26386921442922e-18,0.0,0.0,0.0,1.0
1119,0.0,0.012833519112257717,0.00012261991578991596,0.012833504429533972,0.00030404,0.0,0.0,0.0,-0.002802323771299426,3.700702587294807e-18,0.0,0.0,0.0,1.0
1280,0.0,0.012337594799470015,1.7789104577398236e-05,0.012337580629072612,0.0005390088,0.0,0.0,0.0,-0.00867618406262067,8.422006670330881e-19,0.0,0.0,0.0,1.0
830,0.0,0.013750098244204659,0.0012436687989256033,0.013750082657934287,0.001870564,0.0,0.0,0.0,0.02207001697274568,1.2653291174326134e-16,0.0,0.0,0.0,0.0
1251,0.0,0.012436466025501788,0.025595696886728272,0.01243645141324667,0.028150417,0.01,0.0,0.0,0.030942583466809795,6.511327125315847e-16,0.0,0.0,0.0,1.0
628,0.0,0.014434462172118365,0.015030916857921173,0.014434445860263169,0.015040361,0.0,0.0,0.0,0.02968810585774273,5.916810693163579e-16,0.0,0.0,0.0,1.0
2171,0.0,0.009994813558910827,5.715449274064333e-05,0.009994801505087747,0.0006906935,0.0,0.0,0.0,-0.0004586996905879461,1.3847407968135544e-17,0.0,0.0,0.0,0.0
1262,0.0,0.012401840172308994,0.0020236151533346938,0.012401825757154365,0.0010413056,0.0,0.0,0.0,0.010753733336118069,1.2519006016698298e-16,0.0,0.0,0.0,0.0
161,0.0,0.01616479039898274,6.94465941992361e-05,0.016164773026342727,0.0003533557,0.0,0.0,0.0,-0.003929133340519518,4.052119339582643e-18,0.0,0.0,0.0,1.0
2016,0.0,0.010328864643152134,0.0007552643525196555,0.010328852133743896,0.00055525417,0.0,0.0,0.0,0.002099873786343867,3.8282824260758045e-18,0.0,0.0,0.0,0.0
1726,0.0,0.011060085481064488,0.0013914390385961768,0.01106007222481288,0.0017097854,0.0,0.0,0.0,0.004099408548179969,6.369398411393259e-18,0.0,0.0,0.0,1.0
1086,0.0,0.01294267524109238,0.0004635695275994467,0.012942660426646243,0.000308321,0.0,0.0,0.0,0.0011984232292049472,6.0534459331773495e-18,0.0,0.0,0.0,0.0
557,0.0,0.014660626836249717,0.00018628622527707754,0.014660610569180676,0.0004899379,0.0,0.0,0.0,-0.0012199920897585093,3.2703822481113366e-18,0.0,0.0,0.0,1.0
440,0.0,0.015062586341948509,0.0004635695275994467,0.015062569685918126,0.0004899379,0.0,0.0,0.0,0.0015757079786051838,5.288809004742876e-18,0.0,0.0,0.0,1.0
1969,0.0,0.0104632648262614,0.00019479202994374649,0.010463252243639707,0.0013222868,0.0,0.0,0.0,0.015842295298211587,4.76067284800341e-17,0.0,0.0,0.0,1.0
1015,0.0,0.01314075212436163,0.0004635695275994467,0.01314073708076832,0.00046660585,0.0,0.0,0.0,0.0012361652804223876,4.51764647009656e-18,0.0,0.0,0.0,1.0
213,0.0,0.015934013630196763,0.0007552643525196555,0.0159339963149225,0.0006226793,0.0,0.0,0.0,0.0031770156365567084,8.374055385007473e-18,0.0,0.0,0.0,0.0
1436,0.0,0.011859306807303557,1.679896614831091e-05,0.011859293056081053,0.0004315303,0.0,0.0,0.0,-0.008945679835893157,7.822967349155318e-19,0.0,0.0,0.0,1.0
666,0.0,0.014291056585412378,0.028554203101669288,0.014291040368402529,0.0009753095,0.0,0.0,0.0,0.013858098669208946,3.380761457698762e-17,0.0,0.0,0.0,0.0
1224,0.0,0.012508054715035388,0.0005845290535440247,0.012508040310516541,0.0004912386,0.0,0.0,0.0,0.0018075805517478553,9.366546741669051e-18,0.0,0.0,0.0,0.0
1233,0.0,0.012493021667370844,0.0028162732094904963,0.01249300712613171,0.007609632,0.01,0.0,0.0,0.024281804074321747,2.1808568125203526e-16,0.0,0.0,0.0,1.0
1425,0.0,0.011892435977074798,0.00013986308380103203,0.011892422194173859,0.00035122642,0.0,0.0,0.0,-0.0025977463159438906,4.9109365612822046e-18,0.0,0.0,0.0,0.0
642,0.0,0.014393569586368286,0.12429379911297854,0.014393553169509715,0.03661514,0.0,0.0,0.0,0.03635309389622984,1.7700210176576078e-15,0.0,0.0,0.0,1.0
494,0.0,0.014863509853907586,0.00016073521288982614,0.014863493454398882,0.00033272099,0.0,0.0,0.0,-0.0016272231316883518,5.0100477597449094e-18,0.0,0.0,0.0,1.0
1645,0.0,0.011316056001484005,0.0005845290535440247,0.011316042583613148,0.0010619371,0.0,0.0,0.0,0.0015589989122545712,7.673530040881349e-18,0.0,0.0,0.0,1.0
1501,0.0,0.01169566404767497,0.010837733602255591,0.011695650109770821,0.0007490544,0.0,0.0,0.0,0.01040769267151548,1.8767850913859925e-17,0.0,0.0,0.0,1.0
982,0.0,0.013260451917139144,0.6462810922053526,0.013260436268075446,0.9184797,0.9,1.0,1.0,0.7649599376952705,1.0,0.0,0.0,0.0,1.0
2046,0.0,0.010273557696256087,0.0007756814469472716,0.01027354520116592,0.005068073,0.0,0.0,0.0,0.025180486086126865,2.5490325661555984e-16,0.0,0.0,0.0,1.0
421,0.0,0.015154842865704654,0.015030916857921173,0.015154825951332525,0.01445548,0.0,0.0,0.0,0.029809342015070697,6.25931318312516e-16,0.0,0.0,0.0,1.0
2100,0.0,0.010164935078158318,1.0098884670503662e-05,0.010164922926949068,0.00037970569,0.0,0.0,0.0,-0.010850507245312188,9.464905171407903e-19,0.0,0.0,0.0,0.0
455,0.0,0.014994574803735049,0.0005845290535440247,0.014994558203932666,0.00077003444,0.0,0.0,0.0,0.007506160941202705,1.760456749490001e-17,0.0,0.0,0.0,0.0
773,0.0,0.013937515338895081,1.7789104577398236e-05,0.013937499912413727,0.000308321,0.0,0.0,0.0,-0.008373161550687845,1.937248021486608e-18,0.0,0.0,0.0,0.0
79,0.0,0.016461473311766433,3.448128209442852e-05,0.01646145571439801,0.00051309477,0.0,0.0,0.0,-0.005978569677645656,1.628198795576852e-18,0.0,0.0,0.0,1.0
1477,0.0,0.011748890508148176,4.068821534142156e-06,0.011748877012098731,0.00037446615,0.0,0.0,0.0,-0.01321118459979956,7.847767507385166e-19,0.0,0.0,0.0,0.0
1646,0.0,0.011314817350057387,0.00021796402709543857,0.011314804001239447,0.0006811656,0.0,0.0,0.0,0.0038540114611023465,7.472165590692147e-18,0.0,0.0,0.0,0.0
581,0.0,0.0145896273184439,1.2853229397142506e-05,0.014589611326244636,0.00043093754,0.0,0.0,0.0,-0.003984000148021605,2.2894700173095396e-18,0.0,0.0,0.0,0.0
747,0.0,0.014016857450641289,0.00013986308380103203,0.014016841758595048,0.00030404,0.0,0.0,0.0,-0.0021893718912602226,4.371666936107677e-18,0.0,0.0,0.0,1.0
645,0.0,0.014376302727100445,0.00021796402709543857,0.01437628675060439,0.00033740574,0.0,0.0,0.0,-0.0007987882789714223,5.035572178848589e-18,0.0,0.0,0.0,0.0
971,0.0,0.01328800330700834,0.0006750099282663612,0.013287988169561577,0.0018722456,0.0,0.0,0.0,0.02015506241921341,1.4169985025883014e-16,0.0,0.0,0.0,1.0
287,0.0,0.015673991730735467,2.130518964476543e-05,0.015673974787168102,0.00051309477,0.0,0.0,0.0,-0.007541240892194335,1.2134601902378402e-18,0.0,0.0,0.0,1.0
2005,0.0,0.01036571021476792,0.00037512969019109566,0.010365697715256672,0.0003561409,0.0,0.0,0.0,1.3917262967760857e-05,4.459243849588639e-18,0.0,0.0,0.0,0.0
1918,0.0,0.010594171757524052,0.00016073521288982614,0.010594159058127587,0.00037970569,0.0,0.0,0.0,-0.0024682735176309485,3.986678929284354e-18,0.0,0.0,0.0,1.0
70,0.0,0.016475819289453377,0.0005845290535440247,0.016475801666395395,0.0006226793,0.0,0.0,0.0,0.0024931825612732952,3.32789716228777e-17,0.0,0.0,0.0,0.0
771,0.0,0.013940558710394357,3.707392839131388e-06,0.013940543315196301,0.000308321,0.0,0.0,0.0,-0.013064558078813638,8.53469243912124e-19,0.0,0.0,0.0,1.0
1365,0.0,0.012089172608161126,0.00668338020463708,0.012089158378313382,0.0042661373,0.0,0.0,0.0,0.026797369122575233,3.2209084944572273e-16,0.0,0.0,0.0,1.0
766,0.0,0.013960356867718833,1.109001702657711e-05,0.013960341428667963,0.000308321,0.0,0.0,0.0,-0.009782851947022728,1.2224345155731934e-18,0.0,0.0,0.0,0.0
394,0.0,0.015221910167015887,0.00030874814812706554,0.015221893427747157,0.00043700455,0.0,0.0,0.0,0.005633204102358478,7.95013030732525e-18,0.0,0.0,0.0,0.0
51,0.0,0.016556744624966407,2.5887453408322682e-05,0.01655672698066489,0.0005203179,0.0,0.0,0.0,-0.0068218258619495206,1.2285801048965948e-18,0.0,0.0,0.0,0.0
1934,0.0,0.010558257349053036,4.034583419480353e-05,0.010558244772857182,0.00037970569,0.0,0.0,0.0,-0.00661251414765693,1.171082167257246e-18,0.0,0.0,0.0,0.0
1582,0.0,0.011483871466803228,6.94465941992361e-05,0.01148385799421978,0.00035122642,0.0,0.0,0.0,-0.004779279832331064,2.4602500172021174e-18,0.0,0.0,0.0,1.0
962,0.0,0.013319248704103037,0.0007552643525196555,0.013319233501213182,0.000515488,0.0,0.0,0.0,0.0027308991606555984,9.465261577102605e-18,0.0,0.0,0.0,1.0
1757,0.0,0.010982251810713814,8.582537407838949e-05,0.010982238837124039,0.00037970569,0.0,0.0,0.0,-0.004256481627366552,2.3783386816202963e-18,0.0,0.0,0.0,0.0
370,0.0,0.015336847046022818,0.0010057450792916723,0.01533683022092485,0.0005945797,0.0,0.0,0.0,0.003939492970233317,1.006576042881286e-17,0.0,0.0,0.0,0.0
601,0.0,0.014525304838093164,0.0010516279125439602,0.01452528859448903,0.0051324526,0.03,0.0,0.0,0.02695179340540898,4.441641214100762e-16,0.0,0.0,0.0,1.0
2150,0.0,0.010059103441922597,0.005410433918991223,0.01005909105591039,0.0014470565,0.0,0.0,0.0,0.013186868867004778,5.0435662579218717e-17,0.0,0.0,0.0,1.0
2105,0.0,0.010156584008480764,3.725125284346136e-05,0.010156571802082367,0.00037970569,0.0,0.0,0.0,-0.006947396032771199,9.455339760965806e-19,0.0,0.0,0.0,0.0
592,0.0,0.014551476523632052,0.00013986308380103203,0.014551460357667642,0.0004899379,0.0,0.0,0.0,-0.0020962386281840936,2.1893511267423575e-18,0.0,0.0,0.0,0.0
2144,0.0,0.010070685488361982,2.0032022043777103e-05,0.010070673418562373,0.00073637837,0.0,0.0,0.0,-0.0035767463089986986,1.1242860758083147e-17,0.0,0.0,0.0,0.0
135,0.0,0.01625660287036989,0.010837733602255591,0.01625658502713364,0.0017951141,0.0,0.0,0.0,0.011226613725269431,2.7446954155393013e-17,0.0,0.0,0.0,1.0
997,0.0,0.0132026313265118,0.0010057450792916723,0.013202616197064681,0.00087299704,0.0,0.0,0.0,0.0035666883923804737,7.387262439407661e-18,0.0,0.0,0.0,1.0
1476,0.0,0.011751461945977718,0.00018628622527707754,0.01175144822603753,0.00035122642,0.0,0.0,0.0,-0.0017696955623463326,2.9552202414184106e-18,0.0,0.0,0.0,0.0
168,0.0,0.016148072267936405,0.00016073521288982614,0.016148054874803548,0.00034844957,0.0,0.0,0.0,-0.00142072795218574,2.9891117292350877e-18,0.0,0.0,0.0,0.0
1387,0.0,0.01201272279201575,0.0018088296849358885,0.01201270871132894,0.001572073,0.0,0.0,0.0,0.022856872480169595,2.172926659961385e-16,0.0,0.0,0.0,1.0
1952,0.0,0.010509215837294639,9.611326773772601e-05,0.010509203164457196,0.00091864343,0.0,0.0,0.0,0.0012208167085229153,1.6917075669108808e-18,0.0,0.0,0.0,0.0
942,0.0,0.013401704463883751,0.0007756814469472716,0.013401689221361358,0.0018722456,0.0,0.0,0.0,0.020592445189329067,1.532546401379376e-16,0.0,0.0,0.0,1.0
1794,0.0,0.010885274430533972,0.00018628622527707754,0.010885261458762181,0.0006906935,0.0,0.0,0.0,0.003288084533057017,7.486462730329495e-18,0.0,0.0,0.0,0.0
1483,0.0,0.011738611659304586,0.0005918296684095442,0.011738597839194325,0.0055780285,0.01,0.0,0.0,0.024701169664103493,2.600609615465109e-16,0.0,0.0,0.0,1.0
67,0.0,0.016484791720060326,5.715449274064333e-05,0.016484774125136468,0.00034844957,0.0,0.0,0.0,-0.0044630964212570585,4.5282769745861816e-18,0.0,0.0,0.0,1.0
153,0.0,0.01619827757460732,6.381640523634e-06,0.016198260401106,0.00034844957,0.0,0.0,0.0,-0.011065964704556687,8.799346658838181e-19,0.0,0.0,0.0,0.0
1439,0.0,0.011843748110019234,3.725125284346136e-05,0.011843734432820163,0.00037446615,0.0,0.0,0.0,-0.006566309925694383,2.164571750863871e-18,0.0,0.0,0.0,0.0
308,0.0,0.015551482426972992,1.4255996281569421e-05,0.015551465607949627,0.00051309477,0.0,0.0,0.0,-0.00876283275921074,9.864869726082265e-19,0.0,0.0,0.0,1.0
1502,0.0,0.011694384169075285,0.00013986308380103203,0.011694370454607392,0.0004315303,0.0,0.0,0.0,-0.0026394254876120713,2.187746971531334e-18,0.0,0.0,0.0,1.0
1984,0.0,0.010430074755768754,0.00016073521288982614,0.010430062191777719,0.00046085645,0.0,0.0,0.0,-0.0025069659082675305,3.1605824006286936e-18,0.0,0.0,0.0,0.999999999844772
187,0.0,0.016073488424014133,0.00016073521288982614,0.016073471118607886,0.00034844957,0.0,0.0,0.0,-0.0014322677879896328,3.9686167533789144e-18,0.0,0.0,0.0,0.0
356,0.0,0.015379539365716227,2.0032022043777103e-05,0.015379522701254885,0.00033740574,0.0,0.0,0.0,-0.00777284007678661,2.28704484734559e-18,0.0,0.0,0.0,1.0
1196,0.0,0.012569053518788904,0.0014891239084129284,0.012569038945702887,0.001870564,0.0,0.0,0.0,0.02238644637774055,1.6032240618796922e-16,0.0,0.0,0.0,1.0
614,0.0,0.014479418296862537,0.0020236151533346938,0.014479402066072051,0.00067614566,0.0,0.0,0.0,0.005891044347187604,1.881690696900372e-17,0.0,0.0,0.0,1.0
1966,0.0,0.010476455460368662,0.0020236151533346938,0.010476442745322058,0.00100848,0.0,0.0,0.0,0.005087464486914123,4.789540941557907e-18,0.0,0.0,0.0,0.0
279,0.0,0.01569535747691436,0.0005845290535440247,0.015695340304744718,0.0010117746,0.0,0.0,0.0,0.0023722179294936585,6.9023668661038116e-18,0.0,0.0,0.0,1.0
186,0.0,0.016080493904638508,0.004837915891246724,0.01608047632412005,0.008638067,0.02,0.0,0.0,0.02653468112458685,3.8378835912640673e-16,0.0,0.0,0.0,1.0
1383,0.0,0.012025211824530471,0.00016073521288982614,0.012025197841699576,0.00035122642,0.0,0.0,0.0,-0.002153982695442553,5.205426617536587e-18,0.0,0.0,0.0,1.0
283,0.0,0.01568595296984317,0.00016073521288982614,0.015685935943626845,0.00034844957,0.0,0.0,0.0,-0.0014930895108148604,2.8903828564314913e-18,0.0,0.0,0.0,0.0
432,0.0,0.01509382548670852,0.0005845290535440247,0.015093808762180989,0.0007338196,0.0,0.0,0.0,0.007522588236876481,5.492365140152954e-18,0.0,0.0,0.0,0.0
690,0.0,0.014209409256445394,0.00021796402709543857,0.014209393376826113,0.00033272099,0.0,0.0,0.0,-0.0008278415126424018,5.526673090481163e-18,0.0,0.0,0.0,1.0
1407,0.0,0.01194654768056494,0.00013986308380103203,0.011946533833714492,0.0006811656,0.0,0.0,0.0,0.002661234210769697,1.358466646779892e-17,0.0,0.0,0.0,0.0
281,0.0,0.01569022673085138,1.2853229397142506e-05,0.01569020993504652,0.00034844957,0.0,0.0,0.0,-0.009050604823745577,1.859327783808802e-18,0.0,0.0,0.0,0.0
425,0.0,0.015134201478821102,0.00012261991578991596,0.015134184892229459,0.00033740574,0.0,0.0,0.0,-0.002392184430551631,5.93571876936702e-18,0.0,0.0,0.0,0.9999999999999964
2260,0.0,0.009774862101546388,0.0007552643525196555,0.009774850096672364,0.0005919859,0.01,0.0,0.0,0.001963296435535434,8.378765819396573e-18,0.0,0.0,0.0,1.0
1973,0.0,0.010451235671279412,0.0005845290535440247,0.010451223103337024,0.0010766488,0.0,0.0,0.0,0.006609583580627258,5.963552871349262e-17,0.0,0.0,0.0,0.0
1533,0.0,0.011610868775238719,0.0002578063725511934,0.011610855135342501,0.0004315303,0.0,0.0,0.0,-0.000827243354121536,1.9630854357832596e-18,0.0,0.0,0.0,0.0
2049,0.0,0.010265118200387039,0.00037512969019109566,0.010265105751331107,0.0003561409,0.0,0.0,0.0,-1.0248510833331392e-05,3.861884986409929e-18,0.0,0.0,0.0,0.0
1087,0.0,0.012939139650506923,5.213875557983235e-05,0.012939124990230352,0.000308321,0.0,0.0,0.0,-0.005340692497471601,2.391498179987907e-18,0.0,0.0,0.0,0.0
1333,0.0,0.012200745338823937,4.3815872107464214e-05,0.012200731269387451,0.00035122642,0.0,0.0,0.0,-0.0060069719105632895,2.1150400165625523e-18,0.0,0.0,0.0,1.0
670,0.0,0.014285598724641984,0.00016073521288982614,0.014285582848516488,0.00033740574,0.0,0.0,0.0,-0.001725922668505183,2.8797137968162928e-18,0.0,0.0,0.0,0.0
1170,0.0,0.012655221992875231,0.0005845290535440247,0.012655207356641609,0.0009160741,0.0,0.0,0.0,0.0018366337854188348,4.849590981201933e-18,0.0,0.0,0.0,1.0
512,0.0,0.014817379063807779,0.0005845290535440247,0.014817362631055682,0.0005945797,0.0,0.0,0.0,0.0022288524399770512,9.491180286283272e-18,0.0,0.0,0.0,1.0
939,0.0,0.013411222657659705,6.94465941992361e-05,0.013411207505160914,0.00047317476,0.0,0.0,0.0,-0.004393985079255184,2.013952461246748e-18,0.0,0.0,0.0,1.0
767,0.0,0.013956547826032128,0.004837915891246724,0.013956531989224119,0.008017677,0.0,0.0,0.0,0.026181969437310194,3.238679090164711e-16,0.0,0.0,0.0,1.0
1732,0.0,0.011041936020281895,0.00018628622527707754,0.011041922895923172,0.0003561409,0.01,0.0,0.0,-0.0019241935993443426,3.824473230636447e-18,0.0,0.0,0.0,1.0
2158,0.0,0.010026083214175053,0.00018628622527707754,0.010026071078553552,0.00037970569,0.0,0.0,0.0,-0.0021634076074203493,3.268699247101568e-18,0.0,0.0,0.0,0.0
1742,0.0,0.011021402458283078,0.0007552643525196555,0.011021389277235819,0.0008658811,0.0,0.0,0.0,0.0022607526737275594,5.517497706267526e-18,0.0,0.0,0.0,1.0
289,0.0,0.015668014756094455,0.0010516279125439602,0.015667997600667023,0.0022884726,0.02,0.0,0.0,0.021892655682263996,1.7416439567555073e-16,0.0,0.0,0.0,1.0
330,0.0,0.015466119010373537,0.009696511881812472,0.015466101868658022,0.01445548,0.0,0.0,0.0,0.028532391844756706,5.149437679714326e-16,0.0,0.0,0.0,1.0
1578,0.0,0.011495817182582987,9.611326773772601e-05,0.011495803706410094,0.00037446615,0.0,0.0,0.0,-0.0038043803210812046,5.270527940106713e-18,0.0,0.0,0.0,0.9999999999998987
2194,0.0,0.009936374998435974,9.611326773772601e-05,0.009936362979368124,0.0003561409,0.0,0.0,0.0,-0.004165780825904316,2.1750523580476145e-18,0.0,0.0,0.0,0.0
307,0.0,0.015554025307631407,0.0013914390385961768,0.01555400826631434,0.0006226793,0.01,0.0,0.0,0.004946839784508246,5.02521276010605e-17,0.0,0.0,0.0,1.0
2204,0.0,0.009910813063437718,0.015030916857921173,0.009910800789007454,0.021808438,0.05,0.0,0.2,0.03400244900182701,1.178256898663984e-15,0.0,0.0,0.0,1.0
1599,0.0,0.011435585262414333,5.213875557983235e-05,0.011435571898336633,0.00035122642,0.0,0.0,0.0,-0.005647380604306843,1.6577034018319186e-18,0.0,0.0,0.0,0.0
65,0.0,0.016496463298077045,0.0006750099282663612,0.01649644552526446,0.0020162698,0.0,0.0,0.0,0.020693497581545664,1.4945057150043145e-16,0.0,0.0,0.0,1.0
1245,0.0,0.012450750999712202,6.94465941992361e-05,0.012450736722986916,0.00035122642,0.0,0.0,0.0,-0.0045786224521174815,2.64696193393808e-18,0.0,0.0,0.0,0.0
344,0.0,0.015425711631775054,0.00030874814812706554,0.015425694760996629,0.00033272099,0.0,0.0,0.0,0.00041861800279634036,4.799676637885647e-18,0.0,0.0,0.0,0.0
1355,0.0,0.012134874628232803,0.0010057450792916723,0.012134860474719627,0.00044521244,0.0,0.0,0.0,0.003357206431846265,7.977694233636163e-18,0.0,0.0,0.0,0.0
898,0.0,0.013550359654952075,6.94465941992361e-05,0.013550344366460042,0.00046660585,0.0,0.0,0.0,-0.004368325914938289,1.4279548226859575e-18,0.0,0.0,0.0,0.0
1716,0.0,0.011080083809677168,0.005410433918991223,0.011080070543161853,0.0035354812,0.0,0.0,0.0,0.013426490163403275,4.495028710240327e-17,0.0,0.0,0.0,0.0
159,0.0,0.016179763094599516,8.518077981681969e-05,0.01617974579511186,0.00034844957,0.0,0.0,0.0,-0.0032932447446768504,7.338152400699144e-18,0.0,0.0,0.0,0.0
2323,0.0,0.009646573626036489,0.0020236151533346938,0.009646561691614274,0.00068950903,0.0,0.0,0.0,0.004883005749023962,1.0617372948410592e-17,0.0,0.0,0.0,1.0
66,0.0,0.016491075522276723,0.0005845290535440247,0.016491057726595895,0.0006226793,0.0,0.0,0.0,0.002495490528434074,1.0676920507849284e-17,0.0,0.0,0.0,1.0
2025,0.0,0.01031246761814202,0.00030874814812706554,0.010312455168081616,0.0003561409,0.0,0.0,0.0,-0.0005816821172399851,4.002849535712561e-18,0.0,0.0,0.0,0.0
1475,0.0,0.011752104789663115,4.034583419480353e-05,0.01175209110714547,0.00035122642,0.0,0.0,0.0,-0.0063468263986190526,1.933251639419968e-18,0.0,0.0,0.0,1.0
1231,0.0,0.012495753542929186,0.0005845290535440247,0.012495739097553285,0.000515488,0.0,0.0,0.0,0.0018051368218129117,4.2010499406848426e-18,0.0,0.0,0.0,0.0
1769,0.0,0.010950430992760872,0.00021796402709543857,0.010950418001550569,0.0003561409,0.0,0.0,0.0,-0.0014748868943054213,3.4253128902742067e-18,0.0,0.0,0.0,0.0
1313,0.0,0.012249542988653,0.0002578063725511934,0.012249528772151616,0.00035122642,0.0,0.0,0.0,-0.0006943315982155147,5.05878868458189e-18,0.0,0.0,0.0,1.0
1998,0.0,0.010379916299528634,0.0020236151533346938,0.010379903708154552,0.00068950903,0.0,0.0,0.0,0.0050645205780805,8.307711274857933e-18,0.0,0.0,0.0,0.0
20,0.0,0.016686130409930975,2.5887453408322682e-05,0.016686112737970313,0.0003533557,0.0,0.0,0.0,-0.006802411785244147,5.1869548501775276e-18,0.0,0.0,0.0,1.0
915,0.0,0.013483927165583167,3.448128209442852e-05,0.013483912041244092,0.00030404,0.0,0.0,0.0,-0.006475325668309733,1.8504885579032965e-18,0.0,0.0,0.0,0.0
90,0.0,0.016428345367413315,0.00018628622527707754,0.01642832773333629,0.00034844957,0.0,0.0,0.0,-0.0009363836545310551,4.0242519541074365e-18,0.0,0.0,0.0,0.0
884,0.0,0.013587406051550453,0.0013914390385961768,0.013587390596451646,0.0004912386,0.0,0.0,0.0,0.004610419630131209,1.539381245892193e-17,0.0,0.0,0.0,1.0
2153,0.0,0.010046983332909033,5.715449274064333e-05,0.010046971231400473,0.0003561409,0.0,0.0,0.0,-0.00569351444350044,1.422778549448439e-18,0.0,0.0,0.0,0.0
584,1.0,0.014579285887922636,0.6462810922053526,0.014579269126199815,0.8120577,0.89,1.0,1.0,0.7599480454175344,1.0,0.0,0.0,0.0,1.0
1145,0.0,0.0127217951786358,0.00668338020463708,0.012721780388734998,0.007609632,0.0,0.0,0.0,0.026924035790869737,3.4159545737118547e-16,0.0,0.0,0.0,1.0
2236,0.0,0.009833977509587687,0.6462810922053526,0.009833965102802877,0.4818912,0.41,0.0,0.6,0.7589705534435576,1.0,0.0,0.0,0.0,1.0
1354,0.0,0.012136865560081561,0.0004635695275994467,0.012136851391269106,0.0004315303,0.0,0.0,0.0,0.001038766206788725,4.122115665187492e-18,0.0,0.0,0.0,1.0
546,0.0,0.014705474983809025,0.0031503077807264195,0.014705458592643002,0.00070951623,0.0,0.0,0.0,0.007257190660126982,1.5383462800977447e-17,0.0,0.0,0.0,0.0
1980,0.0,0.010438076783661411,0.0031503077807264195,0.010438064050257859,0.00100848,0.0,0.0,0.0,0.006405958066122128,6.560930899908476e-18,0.0,0.0,0.0,0.0
839,0.0,0.013731343847076197,0.0013914390385961768,0.013731328233885102,0.0009160741,0.0,0.0,0.0,0.0046366218455447545,8.173176162017303e-18,0.0,0.0,0.0,1.0
759,0.0,0.013979419939750075,0.00018628622527707754,0.013979404238308332,0.00046660585,0.0,0.0,0.0,-0.0013383772288290408,3.095524336357385e-18,0.0,0.0,0.0,1.0
935,0.0,0.013415618174436594,0.0028162732094904963,0.013415602831678182,0.007609632,0.0,0.0,0.0,0.02445883873183089,2.3676315801352044e-16,0.0,0.0,0.0,1.0
2285,0.0,0.009726756956506658,0.00013986308380103203,0.009726745105889256,0.0006906935,0.0,0.0,0.0,0.0021515807565600908,8.158435920408584e-18,0.0,0.0,0.0,0.0
461,0.0,0.014965986309934561,0.028554203101669288,0.014965969426364455,0.0035265405,0.0,0.0,0.0,0.019220666192609245,1.1223776349913117e-16,0.0,0.0,0.0,1.0
1725,0.0,0.011060690876589053,0.00037512969019109566,0.011060677701475886,0.0002998341,0.0,0.0,0.0,0.00017479615035145488,5.411021468964897e-18,0.0,0.0,0.0,1.0
2215,0.0,0.009886941213467691,0.00010823052256222876,0.009886929185677603,0.00037970569,0.0,0.0,0.0,-0.0038228655718169895,2.8606240878902346e-18,0.0,0.0,0.0,1.0
2,0.0,0.016745270912301373,0.028554203101669288,0.016745252603938093,0.002570879,0.0,0.0,0.0,0.014252896816476268,4.6195185601455154e-17,0.0,0.0,0.0,1.0
1660,0.0,0.011253674864982764,1.7789104577398236e-05,0.011253661737054898,0.0006811656,0.0,0.0,0.0,-0.0036566890695314182,5.255234293810989e-18,0.0,0.0,0.0,0.0
2110,0.0,0.010148239726067843,0.0002578063725511934,0.010148227467392591,0.0003561409,0.0,0.0,0.0,-0.0011610840157894667,3.624272743922404e-18,0.0,0.0,0.0,0.0
1083,0.0,0.012955410657738699,0.00030355653327778664,0.012955395838122235,0.001870564,0.0,0.0,0.0,0.01770003861639683,7.577266535739135e-17,0.0,0.0,0.0,1.0
1088,0.0,0.012937726080438163,0.004837915891246724,0.012937711119835483,0.007609632,0.0,0.0,0.0,0.025993530706771323,2.967440990712454e-16,0.0,0.0,0.0,1.0
1733,0.0,0.011038913814742868,2.5887453408322682e-05,0.011038900856788297,0.0006906935,0.0,0.0,0.0,-0.0025820164808809786,5.493341450858929e-18,0.0,0.0,0.0,0.0
2311,0.0,0.009676764151368603,1.4255996281569421e-05,0.009676752390913984,0.00046085645,0.0,0.0,0.0,-0.009940982113401187,6.992492548012059e-19,0.0,0.0,0.0,1.0
2188,0.0,0.009946727451704291,0.005410433918991223,0.009946715182837735,0.0014470565,0.0,0.0,0.0,0.01315903749830127,3.2922500665695276e-17,0.0,0.0,0.0,0.0
910,0.0,0.013500873711398517,2.97512110211764e-05,0.01350085856858273,0.000308321,0.0,0.0,0.0,-0.006913646385523007,2.875247225064155e-18,0.0,0.0,0.0,1.0
1846,0.0,0.01075905480315449,0.00021796402709543857,0.01075904194938437,0.00073637837,0.0,0.0,0.0,0.0037291097088719676,9.774644813493818e-18,0.0,0.0,0.0,0.0
589,0.0,0.014562593731448144,0.00030874814812706554,0.014562577564371904,0.00033272099,0.0,0.0,0.0,0.0002752525132797331,4.490679909943653e-18,0.0,0.0,0.0,0.0
1295,0.0,0.012300550788046665,0.0022345202458865614,0.0123005364419199,0.001572073,0.01,0.0,0.0,0.023549238390064262,2.6254396361019836e-16,0.0,0.0,0.0,1.0
333,0.0,0.015457692163345603,0.0010057450792916723,0.015457675133204495,0.0010138013,0.0,0.0,0.0,0.003959042809712855,7.984471268115975e-18,0.0,0.0,0.0,1.0
2245,0.0,0.009810288659713227,6.94465941992361e-05,0.00981027671383323,0.0003561409,0.01,0.0,0.0,-0.0051697335708251555,2.0524418470079947e-18,0.0,0.0,0.0,1.0
644,0.0,0.014381009639316213,8.582537407838949e-05,0.01438099372988003,0.00033272099,0.0,0.0,0.0,-0.0035867638624182355,2.2585985228631693e-18,0.0,0.0,0.0,0.0
998,0.0,0.013201188989825485,0.0013914390385961768,0.013201173885494712,0.000515488,0.0,0.0,0.0,0.004538736885372905,6.865323054062109e-18,0.0,0.0,0.0,0.0
970,0.0,0.013289454932105498,0.00037512969019109566,0.013289439831825461,0.000308321,0.0,0.0,0.0,0.0006305517832181674,4.937069025361605e-18,0.0,0.0,0.0,0.0
730,0.0,0.01408126628177964,0.0004635695275994467,0.014081250452530709,0.0004896561,0.0,0.0,0.0,0.0014080409525133192,5.752665667302496e-18,0.0,0.0,0.0,1.0
2099,0.0,0.010167163690162882,0.12429379911297854,0.010167151088684694,0.01269199,0.0,0.0,0.0,0.03549004994087277,1.185780858975528e-15,0.0,0.0,0.0,1.0
319,0.0,0.015517619775793112,0.00021796402709543857,0.015517602863376534,0.00043093754,0.0,0.0,0.0,0.004639127584089598,1.1352700557260783e-17,0.0,0.0,0.0,0.0
987,0.0,0.013252486188209803,0.00030874814812706554,0.013252471163148424,0.00030404,0.0,0.0,0.0,4.0790202299448644e-05,3.1668801746743886e-18,0.0,0.0,0.0,0.0
779,0.0,0.01392230850668229,0.0028162732094904963,0.013922292744307353,0.007544591,0.0,0.0,0.0,0.024551021655487875,2.742997538826258e-16,0.0,0.0,0.0,1.0
340,0.0,0.015440010858772201,0.005410433918991223,0.01543999372993985,0.0015656054,0.0,0.0,0.0,0.009003401037214072,1.8312407202037822e-17,0.0,0.0,0.0,1.0
2193,0.0,0.009937464410735182,0.0028162732094904963,0.0099374521997876,0.0036883522,0.0,0.0,0.0,0.023714179915544347,1.675731488214693e-16,0.0,0.0,0.0,1.0
1594,0.0,0.011457508902667855,0.009696511881812472,0.011457495223041278,0.0078022596,0.0,0.0,0.0,0.027786646926276855,3.6427651613303935e-16,0.0,0.0,0.0,1.0
658,0.0,0.014334008048947593,0.00013986308380103203,0.014333992132950361,0.00033740574,0.0,0.0,0.0,-0.0021337091538532055,3.3127262374413802e-18,0.0,0.0,0.0,0.0
1255,0.0,0.01242695089761783,8.459930267903564e-06,0.012426936790936477,0.00035122642,0.0,0.0,0.0,-0.010881925433102268,7.131111139122655e-19,0.0,0.0,0.0,0.0
72,0.0,0.016473128795760787,0.0031503077807264195,0.016473110893743675,0.0009604581,0.0,0.0,0.0,0.007539984518709455,2.448909021465385e-17,0.0,0.0,0.0,1.0
1361,0.0,0.012107697683391499,0.00012261991578991596,0.012107683610520977,0.0004315303,0.0,0.0,0.0,-0.0029469111257835,2.1340797993025408e-18,0.0,0.0,0.0,1.0
1586,0.0,0.011470682544091651,5.213875557983235e-05,0.011470669108370888,0.00037446615,0.0,0.0,0.0,-0.005639777888953689,2.5081812125107604e-18,0.0,0.0,0.0,1.0
794,0.0,0.013886635809792556,0.0005845290535440247,0.013886620166039233,0.0004912386,0.0,0.0,0.0,0.002067430501496704,1.2890964029902984e-17,0.0,0.0,0.0,1.0
505,0.0,0.014836785318227049,0.00016073521288982614,0.014836768920442887,0.00043093754,0.0,0.0,0.0,0.0036160089132222743,4.2716052222366015e-17,0.0,0.0,0.0,1.0
27,0.0,0.016650745220927066,3.725125284346136e-05,0.016650727470421067,0.00051309477,0.0,0.0,0.0,-0.005718878689366108,1.7139300176693734e-18,0.0,0.0,0.0,1.0
1022,0.0,0.013120667018527743,2.967383742178781e-05,0.013120652190050026,0.001870564,0.0,0.0,0.0,0.010773898969730765,2.4440894179201218e-17,0.0,0.0,0.0,1.0
1923,0.0,0.010577937408270961,6.94465941992361e-05,0.010577924762834019,0.0003561409,0.0,0.0,0.0,-0.004983059756350409,2.969617650168901e-18,0.0,0.0,0.0,1.0
2104,0.0,0.01015881035091176,7.702533294709653e-05,0.010158798109416096,0.0003561409,0.0,0.0,0.0,-0.004773351286959557,1.698152660627525e-18,0.0,0.0,0.0,0.0
1187,0.0,0.01260069581985826,0.0002578063725511934,0.012600681340871138,0.000308321,0.0,0.0,0.0,-0.0006241422439730096,5.438851532807115e-18,0.0,0.0,0.0,0.0
476,0.0,0.014921982672662587,0.0004635695275994467,0.014921966207834186,0.00033272099,0.0,0.0,0.0,0.00155235678144907,6.101720066027781e-18,0.0,0.0,0.0,0.0
639,0.0,0.014406139534502801,0.010837733602255591,0.014406123341808623,0.000629951,0.0,0.0,0.0,0.010925627654949055,4.324592975388149e-17,0.0,0.0,0.0,0.0
1452,0.0,0.011821094950152168,0.0031503077807264195,0.01182108096262341,0.0007545114,0.0,0.0,0.0,0.006714546851795658,1.0295609552846048e-17,0.0,0.0,0.0,1.0
923,0.0,0.013447893956309008,0.004837915891246724,0.013447878535826113,0.024017252,0.06,1.0,0.2,0.031337362967337065,2.651004780278512e-15,0.0,0.0,0.0,1.0
2240,0.0,0.009826972508873514,0.005410433918991223,0.009826960360250655,0.0009894661,0.01,0.0,0.0,0.007881321708753128,1.7639325175659183e-17,0.0,0.0,0.0,1.0
